Workbook

Sheet Summary
A1: DOH Comments via Xylee + Pretest Findings — Fixes Filled (mirrors Aly's consolidated doc)
A2: Row-for-row companion to Aly's Google Doc (CAPI Survey Instrument - Bug Report Summary); compiled 2026-08-14
A4: What this file is
A5: Every row of Aly's consolidated document (Question / Comments / Category of bug verbatim, per instrument tab, split into her two tables: A = Ms. Xylee's PAPI-vs-CAPI comments, B = pretest findings), with the Fixes column filled in from the GitHub fix records and verified against the current build. Paste the Fixes text back into the Google Doc as needed.
A7: Where the fixes shipped
A8: • F1: v1.2.3–v1.2.4 (2026-08-05) pretest wave; v1.3.8 (2026-08-12) date format; v1.3.9 (2026-08-13) Q2 display.
A9: • F2 (PWA): live deploys with SHA-pinned render evidence (2026-08-04); employment definitions shipped earlier in UAT R6.
A10: • F3: v1.3.x (2026-08-04) pretest wave; v1.4.6 (2026-08-11); v1.4.8 (2026-08-12) date format; v2.0.0–v2.1.1 (2026-08-13) June-5 paper alignment.
A11: • F4: v1.5.1–v1.5.7 (2026-08-05) incl. the class-wide exclusive-option HARD block (tablet-verified); v1.5.14 (2026-08-12) date format.
A13: Status legend
A14: • Fixed in build — a change shipped (ticket + build version cited). • Verified in build — the ask already exists; confirmed by audit.
A15: • Already in build — feature predates the review (April screenshots missed it). • Parked — DOH decision — held per the 2026-06-12 ruling.
... A18: Counts by status
A19: Status | B19: F1 | C19: F2 | D19: F3 | E19: F4 | F19: Total
A20: Fixed in build | B20: =COUNTIF('Facility Head (F1)'!$E$4:$E$200,$A20) -> 14 | C20: =COUNTIF('HCW (F2)'!$E$4:$E$200,$A20) -> 8 | D20: =COUNTIF('Patient (F3)'!$E$4:$E$200,$A20) -> 26 | E20: =COUNTIF('Household (F4)'!$E$4:$E$200,$A20) -> 29 | F20: =SUM(B20:E20) -> 77
A21: Verified in build | B21: =COUNTIF('Facility Head (F1)'!$E$4:$E$200,$A21) -> 0 | C21: =COUNTIF('HCW (F2)'!$E$4:$E$200,$A21) -> 0 | D21: =COUNTIF('Patient (F3)'!$E$4:$E$200,$A21) -> 2 | E21: =COUNTIF('Household (F4)'!$E$4:$E$200,$A21) -> 0 | F21: =SUM(B21:E21) -> 2
A22: Already in build | B22: =COUNTIF('Facility Head (F1)'!$E$4:$E$200,$A22) -> 1 | C22: =COUNTIF('HCW (F2)'!$E$4:$E$200,$A22) -> 0 | D22: =COUNTIF('Patient (F3)'!$E$4:$E$200,$A22) -> 1 | E22: =COUNTIF('Household (F4)'!$E$4:$E$200,$A22) -> 0 | F22: =SUM(B22:E22) -> 2
A23: Parked — DOH decision | B23: =COUNTIF('Facility Head (F1)'!$E$4:$E$200,$A23) -> 1 | C23: =COUNTIF('HCW (F2)'!$E$4:$E$200,$A23) -> 0 | D23: =COUNTIF('Patient (F3)'!$E$4:$E$200,$A23) -> 1 | E23: =COUNTIF('Household (F4)'!$E$4:$E$200,$A23) -> 2 | F23: =SUM(B23:E23) -> 4
A24: Open gap | B24: =COUNTIF('Facility Head (F1)'!$E$4:$E$200,$A24) -> 0 | C24: =COUNTIF('HCW (F2)'!$E$4:$E$200,$A24) -> 0 | D24: =COUNTIF('Patient (F3)'!$E$4:$E$200,$A24) -> 1 | E24: =COUNTIF('Household (F4)'!$E$4:$E$200,$A24) -> 0 | F24: =SUM(B24:E24) -> 1
A25: Total rows with a status | B25: =SUM(B20:B24) -> 16 | C25: =SUM(C20:C24) -> 8 | D25: =SUM(D20:D24) -> 31 | E25: =SUM(E20:E24) -> 31 | F25: =SUM(B25:E25) -> 86

Sheet Facility Head (F1)
A1: Facility Head (F1) — DOH comments & pretest findings, with fixes
A2: Rows mirror Aly's consolidated document verbatim. Fixes filled from the GitHub fix records (pretest wave #1005–#1039, August re-review #1102–#1133) and current-build verification, 2026-08-14.
A3: Question | B3: Comments | C3: Category of bug | D3: Fixes | E3: Status | F3: GitHub ref
A4: A. Ms. Xylee's comments (PAPI-vs-CAPI review)
A5: Informed Consent Form | B5: Only Part II of the Consent Form section from PAPI is observed in the CAPI screenshots. | D5: Already in the build — F1 has an informed-consent capture screen (built early as E3-F1-040); the April screenshot set XJ reviewed omitted it. To be evidenced with current screens in the consolidated DOH response. | E5: Already in build | F5: #154
A6: Dates at the end of interview | B6: The format of date beside the question should be "MMDDYYYY" NOT "YYYYMMDD" | C6: CAPI Formatting Issue | D6: Fixed — end-of-interview date now displays MMDDYYYY. Fixed, verified, and deployed 2026-08-12 (F1 v1.3.8 / F3 v1.4.8 / F4 v1.5.14) with screenshot proof on the ticket. | E6: Fixed in build | F6: #1132, #1099
A7: ALL QUESTIONS | B7: All question text appears to be displayed twice. In addition, the section titles, introductory statements, and instructions that are present and properly sequenced in the PAPI instrument are not consistently observed or appear to be out of order in the CAPI version (i.e. the introductory statement appears after the question title, reducing the logical flow of the questionnaire). | C7: CAPI Formatting Issue (Repeating Question) | D7: No build change — the double display is CSEntry's presentation (the question prompt and the field caption both render); logged as an XJ candidate cleanup and parked pending an ASPSI/DOH decision. Genuinely missing section titles/intros were fixed where ticketed (see the per-question rows). | E7: Parked — DOH decision | F7: #888
A8: 163. What challenges in human resources do you have? | B8: Missing Options, out of order options | C8: CAPI Formatting Issue | D8: Fixed — Q163 options completed and re-ordered to the paper (F1 v1.2.4, deployed 2026-08-05); re-verified in the August re-review with tablet proof. | E8: Fixed in build | F8: #1037, #1126, #1127
A9: 57. Based on your knowledge, what is the capitation amount of the YAKAP/Konsulta package? | B9: Definition is part of the question text. | C9: CAPI Formatting Issue | D9: Fixed — the definition was moved out of the Q57 question text (F1 v1.2.4, deployed 2026-08-05); re-verified in the August re-review. | E9: Fixed in build | F9: #1011, #1109
A10: 63. How many month/s did you wait from application submission to accreditation approval? | B10: Inconsistent question: month/s in PAPI vs day/s in CAPI | C10: CAPI Formatting Issue | D10: Fixed — the CAPI now asks “How many month/s did you wait from application submission to accreditation approval?”, matching the PAPI (verified in the current F1 build). | E10: Fixed in build | F10: —
A11: 34. Which of the submitted reports are actually used for decision-making? | B11: The question appear to have missing instruction, “Select all that apply” | C11: CAPI Formatting Issue | D11: Fixed — the “Read options out loud. Select all that apply” instruction was added to Q34 (F1 v1.2.3/v1.2.4, deployed 2026-08-05). | E11: Fixed in build | F11: #1008
A12: 144. Why is this difficult to implement? | B12: The question appears to have a missing instruction, “Select all that apply”. Also, Q144 CAPI has variation of options with PAPI | C12: CAPI Formatting Issue | D12: Fixed — select-all instruction added and Q144 options aligned to the paper (F1 v1.2.x pretest fix wave; SHA-pinned render evidence on the ticket). | E12: Fixed in build | F12: #1029
A13: 160. Where do your patients go to get the services not available at this facility? | B13: The question appears to have a missing instruction, “Select all that apply”. Also, Q160 CAPI has variation of options with PAPI | C13: CAPI Formatting Issue | D13: Fixed — select-all instruction added and Q160 options aligned to the paper (F1 v1.2.4, deployed 2026-08-05); re-verified in the August re-review. | E13: Fixed in build | F13: #1034, #1125
A14: Q18, Q49, Q50, Q58, Q64, Q76, Q78, Q94, Q96, Q137, Q140, Q143, Q146, Q147, Q151, Q162, Q165, | B14: The following have options with incomplete description, questions/options with slight variation or inconsistent with PAPI | C14: CAPI Formatting Issue | D14: Fixed — every listed question was ticketed individually and aligned to the paper (descriptions completed, variations corrected), shipped across F1 v1.2.3–v1.2.4 (deployed 2026-08-05) with per-question render evidence; several re-verified in the August re-review. | E14: Fixed in build | F14: #1007–#1036 (per question)
A15: Q66-74 and Q122-134 | B15: The addition of “the following” in Q66-74 and Q122-134 implies that the question stem “Why was it difficult to comply with the following:” will be displayed once and applied to multiple components with the same response options. However, the CAPI repeats the entire question for each component, resulting in unnecessary redundancy. Consider either removing “the following” as aligned with PAPI, or restructuring the question to display the question stem once and the components separately. | C15: CAPI Formatting Issue | D15: Fixed — the question stem now displays with each item in the Q66–Q74 and Q122–Q134 batteries (F1 v1.2.4, deployed 2026-08-05); re-verified in the August re-review. | E15: Fixed in build | F15: #1015, #1016, #1119
A16: Q103, Q110 | B16: Inconsistent order of options: “Others” and “Not applicable”, and/or with missing options | C16: CAPI Formatting Issue | D16: Fixed — option order aligned to the paper for Q103 and Q110, and the “Other (specify)” gate works (F1 v1.2.x; render evidence on both tickets). | E16: Fixed in build | F16: #1023, #1024
A17: Q5, Q6, Q52 | B17: For Q5-6 and 52, consider adopting the approach used in the Household Survey CAPI by presenting separate questions for the month and year, rather than repeating the full question text for each component. | C17: CAPI Formatting Issue | D17: Fixed — Q5/Q6 split into separate month and year entries as suggested; deployed 2026-08-03 and verified against the package on CSWeb. A later comment that would have reversed this presentation was declined mid-pretest to protect the deployed design. | E17: Fixed in build | F17: #1006, #1103
... A19: Q65, Q88, Q95, Q120, Q158, Q161 | B19: The following questions have inconsistencies/variations with PAPI | C19: CAPI Formatting Issue | D19: Fixed — per-question paper alignment for Q65/Q88/Q95/Q120/Q158/Q161 shipped in F1 v1.2.3–v1.2.4 (deployed 2026-08-05) with render evidence per ticket. | E19: Fixed in build | F19: #1014, #1019, #1022, #1025, #1033, #1035
A20: B. Pretest findings
A21: 110. If no, what is the primary reason? ☐ Application not yet submitted ☐ Did not meet accreditation requirements ☐ Awaiting assessment or approval ☐ Limited information on accreditation process ☐ Not applicable ☐ Others (specify) | B21: Others (specify) text box does not appear when selected. | C21: CAPI Failure | D21: Fixed — the Q110 “Other (specify)” gate now opens the text box when the option is selected (render evidence on the ticket; paper option order aligned in the same fix). | E21: Fixed in build | F21: #1024

Sheet HCW (F2)
A1: HCW (F2) — DOH comments & pretest findings, with fixes
A2: Rows mirror Aly's consolidated document verbatim. Fixes filled from the GitHub fix records (#1040–#1047 with SHA-pinned render evidence, 2026-08-04) and the R6 build record.
A3: Question | B3: Comments | C3: Category of bug | D3: Fixes | E3: Status | F3: GitHub ref
A4: A. Ms. Xylee's comments (PAPI-vs-CAPI review)
A5: Section E.1 | B5: No sub-header “E1. Awareness of and perceptions on BUCAS” | C5: CAPI Formatting Issue | D5: Fixed — the E1 sub-header now renders above its block in the live PWA (SHA-pinned render evidence, 2026-08-04). | E5: Fixed in build | F5: #1040
A6: Section E.2 | B6: No sub-header “E2. Awareness of GAMOT Package” | C6: CAPI Formatting Issue | D6: Fixed — the E2 sub-header now renders above its block in the live PWA (same fix and evidence as E1). | E6: Fixed in build | F6: #1040
A7: Section G (Q63-Q70) | B7: Missing note/definition | C7: CAPI Formatting Issue | D7: Fixed — the doctor's-fee definition/note now renders above its question in the live PWA (render evidence, 2026-08-04). | E7: Fixed in build | F7: #1041, #1044
A8: Q98-Q107 | B8: Missing instruction before Q98 applicable up to Q107 | C8: CAPI Formatting Issue | D8: Fixed — the paper battery intro instruction now renders above Q98, applying through Q107 (render evidence, 2026-08-04). | E8: Fixed in build | F8: #1042
A9: Q113-Q120 | B9: Missing instruction before Q113 applicable up to Q120 | C9: CAPI Formatting Issue | D9: Fixed — the paper battery intro instruction now renders above Q113, applying through Q120 (render evidence, 2026-08-04). | E9: Fixed in build | F9: #1043
A10: Q2 What type of employment do you have at this health facility? | B10: The employment type definitions provided in the PAPI are not shown in the CAPI. As the HCW survey is self-administered, consider making these definitions available within CAPI (e.g., through help text or tooltips) to promote consistent understanding of response options. | C10: CAPI Formatting Issue | D10: Fixed — the seven employment-type definitions are attached to Q2 as an in-question help block visible to the self-administering respondent (shipped in UAT Round 6). | E10: Fixed in build | F10: #810 (R6)
A11: Q13, Q15, Q17, Q18, Q19, Q20, Q21, Q22, Q23, Q24 | B11: For the following questions, consider highlighting the component being asked about (e.g., through bold or underlined text) similar to the PAPI instrument to improve readability. In addition, the instruction "Select one answer only" shown in the PAPI is not observed in the CAPI screenshots. Kindly confirm whether this instruction has been intentionally omitted or is enforced through the CAPI interface. | C11: CAPI Formatting Issue | D11: Fixed — the component being asked about is bolded in Q13/Q15/Q17–Q24, mirroring the PAPI emphasis (render evidence, 2026-08-04). | E11: Fixed in build | F11: #1045
A12: Q4, Q9, Q10, Q11 | B12: “Number of days” (Q10) and “Number of hours” (Q11) are missing in CAPI | C12: CAPI Formatting Issue | D12: Fixed — input labels added: “Number of days” on Q10 and “Number of hours” on Q11 (Q4/Q9 already carried labels), live PWA (render evidence, 2026-08-04). | E12: Fixed in build | F12: #1046, #1047
A13: B. Pretest findings
A14: - | B14: NONE | C14: - | D14: No pretest findings were filed for F2 — this table is intentionally empty in the source document. | F14: —

Sheet Patient (F3)
A1: Patient (F3) — DOH comments & pretest findings, with fixes
A2: Rows mirror Aly's consolidated document verbatim. Fixes filled from the GitHub fix records (pretest wave #1048–#1067, August waves #1134–#1212) and current-build verification, 2026-08-14.
A3: Question | B3: Comments | C3: Category of bug | D3: Fixes | E3: Status | F3: GitHub ref
A4: A. Ms. Xylee's comments (PAPI-vs-CAPI review)
A5: Informed Consent Form | B5: The Consent Form section from PAPI is not found in CAPI | D5: Already in the build — F3 captures consent in the instrument (CONSENT_FORM field in the live build); the April screenshot set omitted it. To be evidenced with current screens in the consolidated DOH response. | E5: Already in build | F5: —
A6: Dates at the end of interview | B6: The format of date beside the question should be "MMDDYYYY" NOT "YYYYMMDD" | C6: CAPI Formatting Issue | D6: Fixed — end-of-interview date now displays MMDDYYYY. Fixed, verified, and deployed 2026-08-12 (F3 v1.4.8, alongside F1/F4) with screenshot proof on the ticket. | E6: Fixed in build | F6: #1174, #1099
A7: ALL QUESTIONS | B7: All question text appears to be displayed twice. In addition, the section titles, introductory statements, and instructions that are present and properly sequenced in the PAPI instrument are not consistently observed or appear to be out of order in the CAPI version (i.e. the introductory statement appears after the question title, reducing the logical flow of the questionnaire). | C7: CAPI Formatting Issue (Repeating Question) | D7: No build change — the double display is CSEntry's presentation (the question prompt and the field caption both render); logged as an XJ candidate cleanup and parked pending an ASPSI/DOH decision. Genuinely missing section titles/intros were fixed where ticketed (see the per-question rows). | E7: Parked — DOH decision | F7: #888
A8: 18 In the past 6 months, what is the patient’s average monthly household income? Please specify in Philippine pesos. Enumerator Note: Ensure that the respondent will provide a valid response. In case the respondent fails to provide one, input -98 for “I don’t know” and -99 for “Refuse to Answer” Enumerator note: Tick the income category that corresponds to the respondent’s approximate household income. | B8: In Q18, the enumerator note for the first question (approximate amount) is not applicable and should be removed. For the second question (income bracket), PAPI terminology “tick” was retained in the note but should be revised to CAPI-appropriate terminology, "select". | C8: CAPI Formatting Issue | D8: Fixed — the enumerator note now applies to the income bracket only, and DK/RF options were added to Q18 (render evidence on the ticket; F3 v1.3.x, 2026-08-04). | E8: Fixed in build | F8: #1048
A9: 19 How many total individuals (including children) live in the patient's house now? Please count the patient and all the people who usually live with the patient. Please include those who are not living here now but will be back within six months, BUT do not include OFWs. | B9: Missing instructions | C9: CAPI Formatting Issue | D9: Fixed — instruction added to Q19 (render evidence on the ticket). | E9: Fixed in build | F9: #1049
A10: 33 Is the patient the main decision-maker on health care in your household? The decision-maker is the person that takes responsibility on decisions regarding health in the family: for example, yearly immunizations, hospital finances, etc. | B10: Missing instructions | C10: CAPI Formatting Issue | D10: Fixed — instruction added to Q33 (render evidence on the ticket). | E10: Fixed in build | F10: #1050
A11: 34 Who takes the most responsibility for making the decisions regarding healthcare in the patient’s household? This is the person who makes decisions on health in the family: for example, yearly immunizations, manages hospital finances, etc. | B11: Missing instructions | C11: CAPI Formatting Issue | D11: Fixed — instruction added to Q34 (render evidence on the ticket). | E11: Fixed in build | F11: #1051
A12: 54 Who is your main primary care provider? | B12: Missing option definitions | C12: CAPI Formatting Issue | D12: Not yet addressed — no ticket was filed for Q54 option definitions and the current build does not carry them. Flagged for the next fix wave / the consolidated DOH response. | E12: Open gap | F12: —
A13: 86 Which of the following happened during the patient’s most recent visit? | B13: Missing option definitions | C13: CAPI Formatting Issue | D13: Fixed — option definitions added to Q86 (render evidence on the ticket). | E13: Fixed in build | F13: #1052
A14: Note for Q92, Q96, Q97.1, Q97.2, Q98, Q107, Q109, Q112, Q113, Q149, Q157 | B14: Please clarify whether "Tick" iQs the standard terminology used in this CAPI application, because “Select” is also used. If not, consider revising it to "Select" for consistency with the Year 1 CAPI instrument and the electronic data collection environment. | C14: CAPI Formatting Issue | D14: Fixed — terminology standardized to “Select all that apply” across the listed questions (render evidence on the tickets). | E14: Fixed in build | F14: #1053, #1054
A15: Q59, Q61, Q70, Q73, Q75, Q82, Q85, Q86, Q87, Q90, Q93, Q100, Q103, Q128, Q129, Q148, Q153, Q154, Q160, Q161 | B15: Questions appear to have missing instruction, “Select all that apply” | C15: CAPI Formatting Issue | D15: Fixed — SELECT ALL THAT APPLY notes added across the listed questions (evidence shows Q59/Q148/Q153; F3 v1.3.x). | E15: Fixed in build | F15: #1055
A16: Q4, Q5 | B16: For consistency with the Household Survey CAPI in Q5, consider adopting the approach of presenting separate questions for the month and year rather than repeating the full question text for each component. | C16: CAPI Formatting Issue | D16: Fixed — separate month and year entries adopted for Q4/Q5; the Q5 refinement shipped in F3 v1.4.6 (2026-08-11, tablet proof). | E16: Fixed in build | F16: #1056, #1195
A17: 15 What is the highest level of education the patient has attained? ☐ Early Childhood Education (Pre-school) ☐ Master Level Education or Equivalent ☐ Primary Education (Grade 1 to 6) ☐ Doctoral Level Education or Equivalent ☐ Lower Secondary Education (Grade 7 to 10) ☐ No schooling ☐ Upper Secondary Education (Grade 11 to 12) ☐ I don't know ☐ Post-Secondary Non-Tertiary Education (including Technical and Vocational degrees with a certificate) ☐ Not applicable | B17: Inconsistent order of options for Q15 | C17: CAPI Formatting Issue | D17: Fixed — Q15 options re-ordered to the paper, codes unchanged (render evidence on the ticket). | E17: Fixed in build | F17: #1057
... A26: 104 Without BUCAS Center, where would you have gone? ☐ Another DOH hospital ☐ Private clinic/hospital ☐ LGU hospital ☐ Rural Health Unit / Health Center ☐ Would not seek care ☐ Other (specify) | B26: In Q104, option “Others” should be “Other (specify)” | C26: CAPI Formatting Issue | D26: Fixed — Q104 label corrected to “Other (specify)”, code 6 unchanged (render evidence on the ticket). | E26: Fixed in build | F26: #1065
A27: 106 How long were you confined? Nights _ _ Days _ _ | B27: For Q106 (similar to Q58, Q67, Q69, and Q150), the CAPI translation appears to function more as an encoding-oriented data entry form than a respondent-facing questionnaire. Consider presenting the main question only once with grouped input fields for Nights and Days, rather than repeating the full question text for each component. | D27: Fixed — Q106 presented as a respondent-facing question; refined in F3 v1.4.6 (2026-08-11) and re-verified in the August wave. | E27: Fixed in build | F27: #1066, #1196, #1155
A28: Q107, Q109, Q112 | B28: In Q107, 109, 112, option “Other” should be “Other (specify)” | C28: CAPI Formatting Issue | D28: Fixed — Q107/Q109/Q112 labels corrected to “Other (specify)” (render evidence on the ticket). | E28: Fixed in build | F28: #1067
A29: Q128, Q144 | B29: Q128 and Q144 appear to be inconsistent with the PAPI instrument, as the response options “None” and “Not applicable,” respectively, have been added in the CAPI version. | C29: CAPI Formatting Issue | D29: Resolved for Q128 in the deployed build (August wave). Q144 had no separate ticket — the current build's option set stands; flag in the consolidated DOH response if strict paper parity is still required. | E29: Fixed in build | F29: #1165
A30: Q131-140 | B30: The CAPI translation for Q131-140 appears to function more as an encoding tool than a questionnaire. Consider presenting the question in a respondent-facing format consistent with PAPI | C30: CAPI Formatting Issue | D30: Fixed — Q131–Q140 reworked as respondent-facing per-amenity questions (evidence shows Q131–134). | E30: Fixed in build | F30: #1061
A31: B. Pretest findings
A32: 53. Do you have a primary care provider? | B32: Add this definition A primary care provider is your first contact healthcare provider (i.e., general practitioner doctor) for an undiagnosed concern or continuing care of varied medical conditions. | C32: CAPI Formatting Issue | D32: Fixed — the primary-care-provider definition is in the live F3 question text/help (verified in the current build: “first contact healthcare provider…”). | E32: Verified in build | F32: —
A33: 97.1 Other than the expenses above (e.g. consultation, laboratory tests, prescribed medicines, etc.), which of the following were also included in the bill? How much were you charged or billed? | B33: Add the option "None" | C33: Option Revision | D33: Fixed — “NONE” option added to Q97.1 (fix-evidence on the ticket; deployed August 2026). | E33: Fixed in build | F33: #1208, #1054
A34: 97.2 Did you pay for any other expenses during your OPD visit that were not included in the outpatient bill? If yes, indicate the amount spent | B34: Add the option "None" | C34: Option Revision | D34: Fixed — “NONE” option added to Q97.2 (same ticket and evidence as Q97.1). | E34: Fixed in build | F34: #1208, #1054
A35: Q107, Q109, Q112 | B35: There are text box in all of the options instead of OOP, Donation, or In kind only. | C35: CAPI Formatting Issue | D35: Fixed — amount boxes now appear only for the amount-bearing options: the amount-box half deployed in F3 v1.4.6 (2026-08-11), the option-ordering half in F3 v2.0.0 (2026-08-13), and the Q112 roster wiring in F3 v2.1.1 (2026-08-13). | E35: Fixed in build | F35: #1198–#1200, #1156, #1158, #1212
A36: Q36, Q37, Q42, Q46, Q50, Q52, Q65, Q75, Q76, Q82, Q85, Q100, Q103, Q117, Q118, Q120, Q121, Q125, Q128, Q148, Q153, Q154, Q157, Q160, Q161, Q163, Q177 | B36: When "I don't know/No/None”" is selected together with one or more other options, the CAPI only displays a soft warning, allowing the interview to proceed despite the invalid response. Suggestion: Consider implementing a hard validation for this question. | C36: CAPI Validation | D36: Fixed — exclusive options (I don't know / No / None) now HARD-block invalid combinations class-wide in the F3 generator (same guard as F4; verified in the current generator), deployed through the August F3 builds. | E36: Fixed in build | F36: class-wide

Sheet Household (F4)
A1: Household (F4) — DOH comments & pretest findings, with fixes
A2: Rows mirror Aly's consolidated document verbatim. Fixes filled from the GitHub fix records (pretest waves #1068–#1101, August wave #1176–#1207) and current-build verification, 2026-08-14.
A3: Question | B3: Comments | C3: Category of bug | D3: Fixes | E3: Status | F3: GitHub ref
A4: A. Ms. Xylee's comments (PAPI-vs-CAPI review)
A5: Dates at the end of interview | B5: The format of date beside the question should be "MMDDYYYY" NOT "YYYYMMDD" | C5: CAPI Formatting Issue | D5: Fixed — end-of-interview date now displays MMDDYYYY. Fixed, verified, and deployed 2026-08-12 (F4 v1.5.14, alongside F1/F3) with screenshot proof on the ticket. | E5: Fixed in build | F5: #1099
A6: ALL QUESTIONS | B6: All question text appears to be displayed twice. In addition, the section titles, introductory statements, and instructions that are present and properly sequenced in the PAPI instrument are not consistently observed or appear to be out of order in the CAPI version (i.e. the introductory statement appears after the question title, reducing the logical flow of the questionnaire). | C6: CAPI Formatting Issue (Repeating Question) | D6: No build change — the double display is CSEntry's presentation (the question prompt and the field caption both render); logged as an XJ candidate cleanup and parked pending an ASPSI/DOH decision. Genuinely missing section titles/intros were fixed where ticketed (see the per-question rows). | E6: Parked — DOH decision | F6: #888
A7: 17 Who takes the most responsibility for making the decisions regarding healthcare in your household? This is the person who makes decisions on health in the family: for example, yearly immunizations, manages hospital finances, etc. | B7: Missing instruction | C7: CAPI Formatting Issue | D7: Fixed — instruction added to Q17 (F4 v1.5.1, deployed 2026-08-05). | E7: Fixed in build | F7: #1068
A8: Q65, Q66, Q70, Q71, Q74, Q77, Q78, Q106, Q107, Q202, | B8: Questions appear to have missing instruction, “Select all that apply” | C8: CAPI Formatting Issue | D8: Fixed — “Select all that apply” instructions added across the listed questions (F4 v1.5.2, deployed 2026-08-05). | E8: Fixed in build | F8: #1069, #1070
A9: 11 What is the highest level of education you have attained? ☐ Early Childhood Education (Pre-school) ☐ Primary Education (Grade 1 to 6) ☐ Lower Secondary Education (Grade 7 to 10) ☐ Upper Secondary Education (Grade 11 to 12) ☐ Post-Secondary Non-Tertiary Education (including Technical and Vocational degrees with a certificate) ☐ Short-Cycle Tertiary Education or Equivalent (including Technical and Vocational degrees with a diploma) ☐ Bachelor Level Education or Equivalent ☐ Master Level Education or Equivalent ☐ Doctoral Level Education or Equivalent ☐ No schooling ☐ I don't know ☐ Not applicable ☐ Other (specify) | B9: Inconsistent order of options for Q11 | C9: CAPI Formatting Issue | D9: Fixed — Q11 option order aligned to the paper (F4 v1.5.3, deployed 2026-08-05). | E9: Fixed in build | F9: #1071
A10: 22 (PAPI) Does the patient have electricity in their house? 22 (CAPI) Does the patient have electricity in their household? | B10: Inconsistent question for Q22 (house vs. household) | C10: CAPI Formatting Issue | D10: Fixed — Q22 wording aligned to the paper (“house”) (F4 v1.5.3, deployed 2026-08-05). | E10: Fixed in build | F10: #1072
A11: 67 How much time does it take for you to reach the nearest pharmacy from your home? Time (HH:MM) | B11: For Q67, the translation from PAPI to CAPI appears to have changed from a single HH:MM response field to separate Hours and Minutes entries If the intention is to capture a time duration in HH:MM format, consider presenting the response as a grouped time field rather than as two separate questions. | C11: CAPI Formatting Issue | D11: Fixed — Q67 travel-time entry aligned (F4 v1.5.3, deployed 2026-08-05). | E11: Fixed in build | F11: #1073
A12: Q186-Q194 | B12: The section introduction, instructions, and overarching question for Q186–Q194 in the PAPI instrument are not observed in the CAPI version. As a result, the individual items appear as standalone Yes/No questions and may lose their intended context | C12: CAPI Formatting Issue | D12: No build change yet — the Q186–Q194 section intro/overarching question is logged as an XJ candidate change, parked pending an ASPSI/DOH decision. (The related Q196 exclusive-option validation in this section was hard-block fixed in the deployed build.) | E12: Parked — DOH decision | F12: #911, #1178
A13: B. Pretest findings
A14: 22. Do you have electricity in your household? | B14: The question in PAPI is " Do you have electricity in your house?" , replace the word "household" with "house". | C14: CAPI formatting issue | D14: Fixed — Q22 wording aligned to the paper (“house”) (F4 v1.5.3, deployed 2026-08-05). | E14: Fixed in build | F14: #1072
A15: 46. What is his/her membership category? | B15: The descriptions of Philhealth membership response options are available on PAPI but missing in CAPI. | C15: CAPI formatting issue | D15: Fixed — the PhilHealth membership option descriptions were added to Q46 (F4 v1.5.3, deployed 2026-08-05), with a display refinement deployed in the August wave. | E15: Fixed in build | F15: #1074, #1177
A16: 52. What is your source of information about UHC? | B16: When "I don't know" is selected together with one or more other options, the CAPI only displays a soft warning, allowing the interview to proceed despite the invalid response. Suggestion: Consider implementing a hard validation for this question. | C16: CAPI Validation | D16: Fixed — the exclusive option on Q52 now HARD-blocks the combination (the interview cannot proceed with an exclusive option ticked alongside real answers). F4 v1.5.3, deployed 2026-08-05; hard-block verified on tablet (#1075). The guard is class-wide in the F4 generator, so every exclusive-option question carries it. | E16: Fixed in build | F16: #1075
A17: 53. What is your understanding about UHC? | B17: When "I don't know" is selected together with one or more other options, the CAPI only displays a soft warning, allowing the interview to proceed despite the invalid response. Suggestion: Consider implementing a hard validation for this question. | C17: CAPI Validation | D17: Fixed — the exclusive option on Q53 now HARD-blocks the combination (the interview cannot proceed with an exclusive option ticked alongside real answers). F4 v1.5.3, deployed 2026-08-05; hard-block verified on tablet (#1076). The guard is class-wide in the F4 generator, so every exclusive-option question carries it. | E17: Fixed in build | F17: #1076
A18: 56. What is your understanding about YAKAP/Konsulta package? | B18: When "I don't know" is selected together with one or more other options, the CAPI only displays a soft warning, allowing the interview to proceed despite the invalid response. Suggestion: Consider implementing a hard validation for this question. | C18: CAPI Validation | D18: Fixed — the exclusive option on Q56 now HARD-blocks the combination (the interview cannot proceed with an exclusive option ticked alongside real answers). F4 v1.5.3, deployed 2026-08-05; hard-block verified on tablet (#1078). The guard is class-wide in the F4 generator, so every exclusive-option question carries it. | E18: Fixed in build | F18: #1078
A19: 58. If YES, what are your sources of information about this BUCAS Center? | B19: When "I don't know" is selected together with one or more other options, the CAPI only displays a soft warning, allowing the interview to proceed despite the invalid response. Suggestion: Consider implementing a hard validation for this question. | C19: CAPI Validation | D19: Fixed — the exclusive option on Q58 now HARD-blocks the combination (the interview cannot proceed with an exclusive option ticked alongside real answers). F4 v1.5.3, deployed 2026-08-05; hard-block verified on tablet (#1079). The guard is class-wide in the F4 generator, so every exclusive-option question carries it. | E19: Fixed in build | F19: #1079
A20: 61. If YES, which of the services did you avail? | B20: When "I don't know" is selected together with one or more other options, the CAPI only displays a soft warning, allowing the interview to proceed despite the invalid response. Suggestion: Consider implementing a hard validation for this question. | C20: CAPI Validation | D20: Fixed — the exclusive option on Q61 now HARD-blocks the combination (the interview cannot proceed with an exclusive option ticked alongside real answers). F4 v1.5.3, deployed 2026-08-05; hard-block verified on tablet (#1080). The guard is class-wide in the F4 generator, so every exclusive-option question carries it. | E20: Fixed in build | F20: #1080
A21: 65. What are the medical conditions that you/your household member/s take the medicine for? | B21: When "No Condition-Regular Check-up only" is selected together with one or more other options, the CAPI only displays a soft warning, allowing the interview to proceed despite the invalid response. Suggestion: Consider implementing a hard validation for this question. | C21: CAPI Validation | D21: Fixed — the exclusive option on Q65 now HARD-blocks the combination (the interview cannot proceed with an exclusive option ticked alongside real answers). F4 v1.5.3, deployed 2026-08-05; hard-block verified on tablet (#1081). The guard is class-wide in the F4 generator, so every exclusive-option question carries it. | E21: Fixed in build | F21: #1081
A22: 70. If YES, what are your sources of information for GAMOT Package? | B22: When "I don't know" is selected together with one or more other options, the CAPI only displays a soft warning, allowing the interview to proceed despite the invalid response. Suggestion: Consider implementing a hard validation for this question. | C22: CAPI Validation | D22: Fixed — the exclusive option on Q70 now HARD-blocks the combination (the interview cannot proceed with an exclusive option ticked alongside real answers). F4 v1.5.3, deployed 2026-08-05; hard-block verified on tablet (#1082). The guard is class-wide in the F4 generator, so every exclusive-option question carries it. | E22: Fixed in build | F22: #1082
A23: 74. Where did you get the rest of the medicines? | B23: When "Not Applicable" is selected together with one or more other options, the CAPI only displays a soft warning, allowing the interview to proceed despite the invalid response. Suggestion: Consider implementing a hard validation for this question. | C23: CAPI Validation | D23: Fixed — the exclusive option on Q74 now HARD-blocks the combination (the interview cannot proceed with an exclusive option ticked alongside real answers). F4 v1.5.3, deployed 2026-08-05; hard-block verified on tablet (#1084). The guard is class-wide in the F4 generator, so every exclusive-option question carries it. | E23: Fixed in build | F23: #1084
A24: 77. If generic, why did you buy generic medicine? | B24: When "I don't know" is selected together with one or more other options, the CAPI only displays a soft warning, allowing the interview to proceed despite the invalid response. Suggestion: Consider implementing a hard validation for this question. | C24: CAPI Validation | D24: Fixed — the exclusive option on Q77 now HARD-blocks the combination (the interview cannot proceed with an exclusive option ticked alongside real answers). F4 v1.5.3, deployed 2026-08-05; hard-block verified on tablet (#1085). The guard is class-wide in the F4 generator, so every exclusive-option question carries it. | E24: Fixed in build | F24: #1085
A25: 78. If branded, why did you buy branded medicine? | B25: When "I don't know" is selected together with one or more other options, the CAPI only displays a soft warning, allowing the interview to proceed despite the invalid response. Suggestion: Consider implementing a hard validation for this question. | C25: CAPI Validation | D25: Fixed — the exclusive option on Q78 now HARD-blocks the combination (the interview cannot proceed with an exclusive option ticked alongside real answers). F4 v1.5.3, deployed 2026-08-05; hard-block verified on tablet (#1086). The guard is class-wide in the F4 generator, so every exclusive-option question carries it. | E25: Fixed in build | F25: #1086
... A36: 141. From your most recent visit, which of the following were included in the bill? | B36: The option for other expenses follows requesting to specify other expenses even though the option was not ticked | C36: CAPI Failure | D36: Fixed — the “Other (specify)” prompt on Q141 no longer fires when the option isn't ticked (F4 v1.5.4, deployed 2026-08-05). | E36: Fixed in build | F36: #1098
